<?xml version="1.0" encoding="UTF-8" ?>
<!DOCTYPE mapper PUBLIC "-//mybatis.org//DTD Mapper 3.0//EN" "http://mybatis.org/dtd/mybatis-3-mapper.dtd" >
<mapper namespace="com.chenwanyu.mapper.StudentMapper" >
  <resultMap id="BaseResultMap" type="com.chenwanyu.po.Student" >
    <id column="userID" property="userid" jdbcType="INTEGER" />
    <result column="userName" property="username" jdbcType="VARCHAR" />
    <result column="sex" property="sex" jdbcType="VARCHAR" />
    <result column="birthYear" property="birthyear" jdbcType="DATE" />
    <result column="grade" property="grade" jdbcType="DATE" />
    <result column="collegeID" property="collegeid" jdbcType="INTEGER" />
  </resultMap>
  <sql id="Example_Where_Clause" >
    <where >
      <foreach collection="oredCriteria" item="criteria" separator="or" >
        <if test="criteria.valid" >
          <trim prefix="(" suffix=")" prefixOverrides="and" >
            <foreach collection="criteria.criteria" item="criterion" >
              <choose >
                <when test="criterion.noValue" >
                  and ${criterion.condition}
                </when>
                <when test="criterion.singleValue" >
                  and ${criterion.condition} #{criterion.value}
                </when>
                <when test="criterion.betweenValue" >
                  and ${criterion.condition} #{criterion.value} and #{criterion.secondValue}
                </when>
                <when test="criterion.listValue" >
                  and ${criterion.condition}
                  <foreach collection="criterion.value" item="listItem" open="(" close=")" separator="," >
                    #{listItem}
                  </foreach>
                </when>
              </choose>
            </foreach>
          </trim>
        </if>
      </foreach>
    </where>
  </sql>
  <sql id="Update_By_Example_Where_Clause" >
    <where >
      <foreach collection="example.oredCriteria" item="criteria" separator="or" >
        <if test="criteria.valid" >
          <trim prefix="(" suffix=")" prefixOverrides="and" >
            <foreach collection="criteria.criteria" item="criterion" >
              <choose >
                <when test="criterion.noValue" >
                  and ${criterion.condition}
                </when>
                <when test="criterion.singleValue" >
                  and ${criterion.condition} #{criterion.value}
                </when>
                <when test="criterion.betweenValue" >
                  and ${criterion.condition} #{criterion.value} and #{criterion.secondValue}
                </when>
                <when test="criterion.listValue" >
                  and ${criterion.condition}
                  <foreach collection="criterion.value" item="listItem" open="(" close=")" separator="," >
                    #{listItem}
                  </foreach>
                </when>
              </choose>
            </foreach>
          </trim>
        </if>
      </foreach>
    </where>
  </sql>
  <sql id="Base_Column_List" >
    userID, userName, sex, birthYear, grade, collegeID
  </sql>

  <!--之前的根据姓名模糊查找-->
  <select id="selectByExample" resultMap="BaseResultMap" parameterType="com.chenwanyu.po.StudentExample" >
    select
    <if test="distinct" >
      distinct
    </if>
    <include refid="Base_Column_List" />
    from student
    <if test="_parameter != null" >
      <include refid="Example_Where_Clause" />
    </if>
    <if test="orderByClause != null" >
      order by ${orderByClause}
    </if>
  </select>

  <select id="selectByPrimaryKey" resultMap="BaseResultMap" parameterType="java.lang.Integer" >
    select 
    <include refid="Base_Column_List" />
    from student
    where userID = #{userid,jdbcType=INTEGER}
  </select>

  <!--根据id删除学生信息-->
  <delete id="deleteByPrimaryKey" parameterType="java.lang.Integer" >
    delete from student
    where userID = #{userid,jdbcType=INTEGER}
  </delete>

  <delete id="deleteByExample" parameterType="com.chenwanyu.po.StudentExample" >
    delete from student
    <if test="_parameter != null" >
      <include refid="Example_Where_Clause" />
    </if>
  </delete>

  <insert id="insert" parameterType="com.chenwanyu.po.Student" >
    insert into student (userID, userName, sex, 
      birthYear, grade, collegeID
      )
    values (#{userid,jdbcType=INTEGER}, #{username,jdbcType=VARCHAR}, #{sex,jdbcType=VARCHAR}, 
      #{birthyear,jdbcType=DATE}, #{grade,jdbcType=DATE}, #{collegeid,jdbcType=INTEGER}
      )
  </insert>

  <insert id="insertSelective" parameterType="com.chenwanyu.po.Student" >
    insert into student
    <trim prefix="(" suffix=")" suffixOverrides="," >
      <if test="userid != null" >
        userID,
      </if>
      <if test="username != null" >
        userName,
      </if>
      <if test="sex != null" >
        sex,
      </if>
      <if test="birthyear != null" >
        birthYear,
      </if>
      <if test="grade != null" >
        grade,
      </if>
      <if test="collegeid != null" >
        collegeID,
      </if>
    </trim>
    <trim prefix="values (" suffix=")" suffixOverrides="," >
      <if test="userid != null" >
        #{userid,jdbcType=INTEGER},
      </if>
      <if test="username != null" >
        #{username,jdbcType=VARCHAR},
      </if>
      <if test="sex != null" >
        #{sex,jdbcType=VARCHAR},
      </if>
      <if test="birthyear != null" >
        #{birthyear,jdbcType=DATE},
      </if>
      <if test="grade != null" >
        #{grade,jdbcType=DATE},
      </if>
      <if test="collegeid != null" >
        #{collegeid,jdbcType=INTEGER},
      </if>
    </trim>
  </insert>

  <select id="countByExample" parameterType="com.chenwanyu.po.StudentExample" resultType="java.lang.Integer" >
    select count(*) from student
    <if test="_parameter != null" >
      <include refid="Example_Where_Clause" />
    </if>
  </select>

  <update id="updateByExampleSelective" parameterType="map" >
    update student
    <set >
      <if test="record.userid != null" >
        userID = #{record.userid,jdbcType=INTEGER},
      </if>
      <if test="record.username != null" >
        userName = #{record.username,jdbcType=VARCHAR},
      </if>
      <if test="record.sex != null" >
        sex = #{record.sex,jdbcType=VARCHAR},
      </if>
      <if test="record.birthyear != null" >
        birthYear = #{record.birthyear,jdbcType=DATE},
      </if>
      <if test="record.grade != null" >
        grade = #{record.grade,jdbcType=DATE},
      </if>
      <if test="record.collegeid != null" >
        collegeID = #{record.collegeid,jdbcType=INTEGER},
      </if>
    </set>
    <if test="_parameter != null" >
      <include refid="Update_By_Example_Where_Clause" />
    </if>
  </update>

  <update id="updateByExample" parameterType="map" >
    update student
    set userID = #{record.userid,jdbcType=INTEGER},
      userName = #{record.username,jdbcType=VARCHAR},
      sex = #{record.sex,jdbcType=VARCHAR},
      birthYear = #{record.birthyear,jdbcType=DATE},
      grade = #{record.grade,jdbcType=DATE},
      collegeID = #{record.collegeid,jdbcType=INTEGER}
    <if test="_parameter != null" >
      <include refid="Update_By_Example_Where_Clause" />
    </if>
  </update>

  <update id="updateByPrimaryKeySelective" parameterType="com.chenwanyu.po.Student" >
    update student
    <set >
      <if test="username != null" >
        userName = #{username,jdbcType=VARCHAR},
      </if>
      <if test="sex != null" >
        sex = #{sex,jdbcType=VARCHAR},
      </if>
      <if test="birthyear != null" >
        birthYear = #{birthyear,jdbcType=DATE},
      </if>
      <if test="grade != null" >
        grade = #{grade,jdbcType=DATE},
      </if>
      <if test="collegeid != null" >
        collegeID = #{collegeid,jdbcType=INTEGER},
      </if>
    </set>
    where userID = #{userid,jdbcType=INTEGER}
  </update>

  <update id="updateByPrimaryKey" parameterType="com.chenwanyu.po.Student" >
    update student
    set userName = #{username,jdbcType=VARCHAR},
      sex = #{sex,jdbcType=VARCHAR},
      birthYear = #{birthyear,jdbcType=DATE},
      grade = #{grade,jdbcType=DATE},
      collegeID = #{collegeid,jdbcType=INTEGER}
    where userID = #{userid,jdbcType=INTEGER}
  </update>

</mapper>