<?xml version="1.0" encoding="UTF-8" ?>
<!DOCTYPE mapper PUBLIC "-//mybatis.org//DTD Mapper 3.0//EN" "http://mybatis.org/dtd/mybatis-3-mapper.dtd" >

<mapper namespace="com.chenwanyu.mapper.UserloginMapperCustom" >


    <resultMap id="UserloginResultMap" type="UserloginCustom">
        <id column="userID" property="userid"></id>

        <result column="userName" property="username" />
        <result column="password" property="password" />
        <result column="role" property="role" />

        <!--对象关联查询-->
        <association property="role_ob" javaType="Role">
            <id column="roleID" property="roleid"/>
            <result column="roleName"   property="rolename"/>
            <result column="permissions" property="permissions"/>
        </association>

    </resultMap>

    <select id="findOne" parameterType="String" resultMap="UserloginResultMap">
        SELECT
          userlogin.*,
          role.*,
        FROM
          userlogin,
          role
        WHERE
          userlogin.role = role.roleID
    </select>

</mapper>